[{"model": "ordersapp.order", "pk": 1, "fields": {"user": ["django"], "add_datetime": "2021-04-11T14:04:07.844Z", "update_datetime": "2021-04-14T19:50:31.578Z", "status": "F", "is_active": false}}, {"model": "ordersapp.order", "pk": 2, "fields": {"user": ["django"], "add_datetime": "2021-04-13T17:48:15.748Z", "update_datetime": "2021-04-13T17:48:22.956Z", "status": "F", "is_active": false}}, {"model": "ordersapp.order", "pk": 3, "fields": {"user": ["django"], "add_datetime": "2021-04-14T19:51:04.981Z", "update_datetime": "2021-04-18T15:26:24.170Z", "status": "F", "is_active": false}}, {"model": "ordersapp.orderitem", "pk": 1, "fields": {"order": 1, "product": 2, "quantity": 3, "add_datetime": "2021-04-11T14:04:07.871Z", "update_datetime": "2021-04-11T14:04:07.871Z"}}, {"model": "ordersapp.orderitem", "pk": 2, "fields": {"order": 1, "product": 1, "quantity": 1, "add_datetime": "2021-04-11T14:04:07.872Z", "update_datetime": "2021-04-11T14:04:07.872Z"}}, {"model": "ordersapp.orderitem", "pk": 3, "fields": {"order": 1, "product": 3, "quantity": 2, "add_datetime": "2021-04-11T14:04:07.873Z", "update_datetime": "2021-04-11T14:04:07.873Z"}}, {"model": "ordersapp.orderitem", "pk": 4, "fields": {"order": 1, "product": 1, "quantity": 1, "add_datetime": "2021-04-11T14:04:07.874Z", "update_datetime": "2021-04-11T15:40:41.307Z"}}, {"model": "ordersapp.orderitem", "pk": 5, "fields": {"order": 2, "product": 1, "quantity": 1, "add_datetime": "2021-04-13T17:48:15.765Z", "update_datetime": "2021-04-13T17:48:15.765Z"}}, {"model": "ordersapp.orderitem", "pk": 6, "fields": {"order": 2, "product": 3, "quantity": 1, "add_datetime": "2021-04-13T17:48:15.767Z", "update_datetime": "2021-04-13T17:48:15.767Z"}}, {"model": "ordersapp.orderitem", "pk": 7, "fields": {"order": 2, "product": 4, "quantity": 1, "add_datetime": "2021-04-13T17:48:15.768Z", "update_datetime": "2021-04-13T17:48:15.768Z"}}, {"model": "ordersapp.orderitem", "pk": 8, "fields": {"order": 3, "product": 2, "quantity": 4, "add_datetime": "2021-04-14T19:51:04.998Z", "update_datetime": "2021-04-14T19:51:04.998Z"}}, {"model": "ordersapp.orderitem", "pk": 9, "fields": {"order": 3, "product": 2, "quantity": 1, "add_datetime": "2021-04-14T19:51:05.000Z", "update_datetime": "2021-04-14T19:51:05.000Z"}}]