[{"model": "authapp.shopuser", "fields": {"password": "pbkdf2_sha256$150000$fJvXKDcR2ELG$I8ONYnj3IbDPEY/FGLUIqUUCkex3Wi0Y9sJUXmEXGe0=", "last_login": "2021-04-07T20:42:53.277Z", "is_superuser": true, "username": "django", "first_name": "\u0414\u0436\u0430\u043d\u0433\u0435\u043d", "last_name": "\u0414\u0436\u0430\u043d\u0433", "email": "", "is_staff": true, "is_active": true, "date_joined": "2021-02-03T19:56:45.966Z", "age": 99, "avatar": "avatars/arrow.png", "activation_key": "", "registered": "2021-04-04T16:03:24.858Z", "groups": [], "user_permissions": []}}, {"model": "authapp.shopuser", "fields": {"password": "pbkdf2_sha256$150000$3G2y8hd5mndT$juPUJ4zmHXezIWWArVuOfp53+eYx05VNpSgeVCUnKn4=", "last_login": null, "is_superuser": false, "username": "user", "first_name": "user_user", "last_name": "user_user", "email": "test@test.com", "is_staff": false, "is_active": true, "date_joined": "2021-02-06T15:13:28.627Z", "age": 19, "avatar": "avatars/icon-hover.png", "activation_key": "", "registered": "2021-04-04T16:03:24.858Z", "groups": [], "user_permissions": []}}, {"model": "authapp.shopuser", "fields": {"password": "pbkdf2_sha256$150000$DTIcYohBpmc0$2K6HbbkAbNE1dz23SCjwaubIVnbCOA2yaPc6GpHSrnQ=", "last_login": null, "is_superuser": false, "username": "test_1", "first_name": "test_1", "last_name": "", "email": "test1@test1.com", "is_staff": false, "is_active": false, "date_joined": "2021-04-04T16:08:58.654Z", "age": 33, "avatar": "", "activation_key": "3201dadf8e07a37b8d80585d190a5a10452293e9", "registered": "2021-04-04T16:08:58.797Z", "groups": [], "user_permissions": []}}, {"model": "authapp.shopuser", "fields": {"password": "pbkdf2_sha256$150000$gNEaPaHhBuZu$ovebDpwr8pzmt2cx01qfVn2AiUdVR5ZB9oKzvjQU6vM=", "last_login": "2021-04-07T19:41:35.652Z", "is_superuser": false, "username": "testeng", "first_name": "testeng", "last_name": "", "email": "geekbtest@yandex.ru", "is_staff": true, "is_active": true, "date_joined": "2021-04-04T17:14:19.214Z", "age": 33, "avatar": "", "activation_key": "9249246b036ec63bfe714e5f352b45ea2784b870", "registered": "2021-04-04T17:14:19.426Z", "groups": [], "user_permissions": []}}, {"model": "authapp.shopuser", "fields": {"password": "pbkdf2_sha256$150000$mBKyAN2iMKWP$9Q6d2xXrML65eajcjIOzkwcrkohYD0vsSSBtkp10LjY=", "last_login": null, "is_superuser": false, "username": "testeng1", "first_name": "testeng1", "last_name": "", "email": "geekbtest@geekbtest.ru", "is_staff": false, "is_active": false, "date_joined": "2021-04-04T17:35:39.392Z", "age": 33, "avatar": "", "activation_key": "4f8ca36895f1b9b6c0cd7b7e355166176265b4c8", "registered": "2021-04-04T17:35:39.548Z", "groups": [], "user_permissions": []}}, {"model": "authapp.shopuser", "fields": {"password": "pbkdf2_sha256$150000$nRLv47z0Q1Ka$0WU1XFjb2ZJYzwuRrUDHC+AU6TyERi91j+hsYNJ1BYQ=", "last_login": null, "is_superuser": false, "username": "test_test", "first_name": "test_test", "last_name": "", "email": "geeek@geeek.ru", "is_staff": false, "is_active": false, "date_joined": "2021-04-07T19:30:34.565Z", "age": 41, "avatar": "", "activation_key": "f8035354650753e505c8253339f4f98329d6aa43", "registered": "2021-04-07T19:30:34.711Z", "groups": [], "user_permissions": []}}, {"model": "authapp.shopuserprofile", "pk": 1, "fields": {"tagline": "", "about_me": "", "gender": ""}}, {"model": "authapp.shopuserprofile", "pk": 2, "fields": {"tagline": "", "about_me": "", "gender": ""}}, {"model": "authapp.shopuserprofile", "pk": 3, "fields": {"tagline": "", "about_me": "", "gender": ""}}, {"model": "authapp.shopuserprofile", "pk": 4, "fields": {"tagline": "", "about_me": "", "gender": ""}}, {"model": "authapp.shopuserprofile", "pk": 5, "fields": {"tagline": "", "about_me": "", "gender": ""}}, {"model": "authapp.shopuserprofile", "pk": 6, "fields": {"tagline": "", "about_me": "", "gender": ""}}]