[{"model": "mainapp.productcategory", "pk": 1, "fields": {"name": "\u041c\u0435\u0433\u0430\u0441\u0442\u0443\u043b\u044c\u044f", "description": "\u041c\u0435\u0433\u0430\u0441\u0442\u0443\u043b\u044c\u044f \u041c\u0435\u0433\u0430\u0441\u0442\u0443\u043b\u044c\u044f", "short_desc": "\u041c\u0435\u0433\u0430\u0441", "is_active": true}}, {"model": "mainapp.productcategory", "pk": 2, "fields": {"name": "\u041c\u0435\u0433\u0430\u0441\u0442\u043e\u043b\u044b", "description": "\u041c\u0435\u0433\u0430\u0441\u0442\u043e\u043b\u044b \u041c\u0435\u0433\u0430\u0441\u0442\u043e\u043b\u044b", "short_desc": "\u041c\u0435\u0433\u0430\u0441\u0442", "is_active": true}}, {"model": "mainapp.productcategory", "pk": 3, "fields": {"name": "\u0442\u0435\u0441\u0442\u0435\u0433", "description": "\u0442\u0435\u0441\u0442\u0435\u0433", "short_desc": "\u0442\u0435\u0441\u0442\u0435\u0433", "is_active": true}}, {"model": "mainapp.product", "pk": 1, "fields": {"category": 2, "name": "\u041c\u0435\u0433\u0430\u0441\u0442\u043e\u043b1", "image": "products_images/product-1.jpg", "description": "test", "short_desc": "123", "price": "1111.00", "quantity": 2, "is_active": true}}, {"model": "mainapp.product", "pk": 2, "fields": {"category": 1, "name": "\u041c\u0435\u0433\u0430\u0441\u0442\u0443\u043b 1", "image": "products_images/product-2.jpg", "description": "\u041c\u0435\u0433\u0430\u0441\u0442\u0443\u043b 1", "short_desc": "\u041c\u0435\u0433\u0430\u0441", "price": "0.01", "quantity": 18, "is_active": true}}, {"model": "mainapp.product", "pk": 3, "fields": {"category": 2, "name": "\u0427\u0435 \u0442\u043e \u0442\u0430\u043c", "image": "products_images/product-1.jpg", "description": "\u0427\u0435 \u0442\u043e \u0442\u0430\u043c", "short_desc": "\u0427\u0435 \u0442\u043e \u0442\u0430\u043c", "price": "111110.00", "quantity": 3, "is_active": true}}, {"model": "mainapp.product", "pk": 4, "fields": {"category": 1, "name": "\u0427\u0435 \u0442\u043e \u0442\u0443\u0442", "image": "products_images/product-2.jpg", "description": "\u0427\u0435 \u0442\u043e \u0442\u0443\u0442", "short_desc": "\u0427\u0435 \u0442\u043e \u0442\u0443\u0442", "price": "1230.00", "quantity": 122, "is_active": true}}]