[{"model": "mainapp.productcategory", "pk": 1, "fields": {"name": "\u0441\u0442\u043e\u043b\u044b", "description": "", "short_desc": ""}}, {"model": "mainapp.productcategory", "pk": 2, "fields": {"name": "\u0441\u0442\u0443\u043b\u044c\u044f", "description": "\u043e\u0442\u043b\u0438\u0447\u043d\u044b\u0435 \u0441\u0442\u0443\u043b\u044c\u044f", "short_desc": ""}}, {"model": "mainapp.product", "pk": 2, "fields": {"category": 1, "name": "\u0434\u0443\u0431\u043e\u0432\u044b\u0439 \u0441\u0442\u043e\u043b", "image": "", "description": "", "short_desc": "", "price": "14589.50", "quantity": 0}}, {"model": "mainapp.product", "pk": 3, "fields": {"category": 1, "name": "\u0431\u0435\u0440\u0435\u0437\u043e\u0432\u044b\u0439 \u0441\u0442\u043e\u043b", "image": "products_images/product-2.jpg", "description": "", "short_desc": "", "price": "7895.80", "quantity": 0}}]